{
  "mainScript": "cantilever_light.py",
  "modelPath": "/Users/fmckenna/release/R2DTool/Examples/Earthquake1_Basic/input_data/",
  "dofMap": "1,2,3",
  "recorderNodes": [
    0,
    1,
    2,
    3
  ],
  "type": "OpenSeesPyInput",
  "NodeMapping": [
    {
      "node": 0,
      "cline": "1",
      "floor": "0"
    },
    {
      "node": 1,
      "cline": "1",
      "floor": "1"
    },
    {
      "node": 2,
      "cline": "1",
      "floor": "2"
    },
    {
      "node": 3,
      "cline": "1",
      "floor": "3"
    }
  ],
  "numStory": 3,
  "ndm": "3",
  "randomVar": []
}