{
  "Name": "E2 - MDOF Building Response",
  "Author": "Adam Zsarnóczay",
  "units": {
      "force": "kips",
      "length": "ft",
      "acceleration": "g"
   },
  "outputs": {
    "EDP": true,
    "DM": true,
    "DV": true,
    "every_realization": false
  },
  "Applications": {
    "Hazard": {
        "Application": "UserInputGM",
        "ApplicationData": {
	    "eventFile": "/records/EventGrid.csv",
	    "motionDir": "/records"
	}
    },		
    "Building": {
      "Application": "CSV_to_BIM",
      "ApplicationData": {
        "filter": "18,27,44,93,240,270,417-419,435",
        "buildingSourceFile":"AnchorageBuildings.csv"
      }
    },
    "RegionalMapping": {
      "Application": "NearestNeighborEvents",
      "ApplicationData": {
        "filenameEVENTgrid": "records/EventGrid.csv",
        "samples": 3,
        "neighbors": 4
      }
    },
    "Events": [{
      "EventClassification": "Earthquake",
      "Application": "SimCenterEvent",
      "ApplicationData": {}
    }],
    "Modeling": {
      "Application": "MDOF-LU",
      "ApplicationData": {
         "hazusData":"HazusData.txt",
         "stdStiffness": 0.1,
         "stdDamping": 0.1
      }
    },
    "EDP": {
      "Application": "StandardEarthquakeEDP_R",
      "ApplicationData": {}
    },
    "Simulation": {
       "Application": "OpenSees-Simulation_R",
       "ApplicationData": {}
    },
    "UQ": {
       "Application": "Dakota-UQ",
       "ApplicationData": {
          "method": "LHS",
          "samples": 3,
          "type": "UQ",
          "concurrency": 1,
          "keepSamples": true
       }
    },
    "DL": {
       "Application": "pelicun",
       "ApplicationData": {
          "DL_Method": "HAZUS MH EQ",
          "Realizations": "1000",
          "coupled_EDP": false,
          "event_time": "off",
          "detailed_results": false,
          "log_file": true
       }
    }
  }
}
